{
    "1001":"left-banks-superior-temporal",
    "1002":"left-caudal-anterior-cingulate",
    "1003":"left-caudal-middle-fontral",
    "1004":"left-corpus-callosum",
    "1005":"left-cuneus",
    "1006":"left-entorhinal",
    "1007":"left-fusiform",
    "1008":"left-inferior-parietal",
    "1009":"left-inferior-temporal",
    "1010":"left-isthmus-cingulate",
    "1011":"left-lateral-occipital",
    "1012":"left-laterral-orbitofrontal",
    "1013":"left-lingual",
    "1014":"left-medial-orbitofrontal",
    "1015":"left-middle-temporal",
    "1016":"left-parahipocampal",
    "1017":"left-paracentral",
    "1018":"left-parsopercularis",
    "1019":"left-parsorbitalis",
    "1020":"left-parstriangularis",
    "1021":"left-pericalcarine",
    "1022":"left-postcentral",
    "1023":"left-posteriorcingulate",
    "1024":"left-precentral",
    "1025":"left-precuneus",
    "1026":"left-rostral-anterior-cingulate",
    "1027":"left-rostral-middle-frontal",
    "1028":"left-superior-frontral",
    "1029":"left-superior-parietal",
    "1030":"left-superior-temporal",
    "1031":"left-supra-marginal",
    "1032":"left-frontal-pole",
    "1033":"left-temporal-pole",
    "1034":"left-transverse-temporal",
    "1035":"left-insula",
    "2001":"right-banks-superior-temporal",
    "2002":"right-caudal-anterior-cingulate",
    "2003":"right-caudal-middle-fontral",
    "2004":"right-corpus-callosum",
    "2005":"right-cuneus",
    "2006":"right-entorhinal",
    "2007":"right-fusiform",
    "2008":"right-inferior-parietal",
    "2009":"right-inferior-temporal",
    "2010":"right-isthmus-cingulate",
    "2011":"right-lateral-occipital",
    "2012":"right-laterral-orbitofrontal",
    "2013":"right-lingual",
    "2014":"right-medial-orbitofrontal",
    "2015":"right-middle-temporal",
    "2016":"right-parahipocampal",
    "2017":"right-paracentral",
    "2018":"right-parsopercularis",
    "2019":"right-parsorbitalis",
    "2020":"right-parstriangularis",
    "2021":"right-pericalcarine",
    "2022":"right-postcentral",
    "2023":"right-posteriorcingulate",
    "2024":"right-precentral",
    "2025":"right-precuneus",
    "2026":"right-rostral-anterior-cingulate",
    "2027":"right-rostral-middle-frontal",
    "2028":"right-superior-frontral",
    "2029":"right-superior-parietal",
    "2030":"right-superior-temporal",
    "2031":"right-supra-marginal",
    "2032":"right-frontal-pole",
    "2033":"right-temporal-pole",
    "2034":"right-transverse-temporal",
    "2035":"right-insula"
}
