{
    "2":"left-cerebral-white-matter",
    "4":"left-lateral-ventricle",
    "5":"left-inferior-lateral-ventricle",
    "7":"left-cerebellum-white-matter",
    "8":"left-cerebellum-cortex",
    "10":"left-thalamus-proper",
    "11":"left-caudate",
    "12":"left-putamen",
    "13":"left-pallidum",                   
    "14":"3rd-ventricle",
    "15":"4th-ventricle",
    "16":"brain-stem",
    "17":"left-hippocampus",
    "18":"left-amygdala",
    "24":"cerebrospinal-fluid",
    "26":"left-accumbens-area",
    "28":"left-ventraldc",
    "30":"left-vessel",
    "31":"left-choroid-plexus",
    "41":"right-cerebral-white-matter",
    "43":"right-lateral-ventricle",
    "44":"right-inferior-lateral-ventricle",
    "46":"right-cerebellum-white-matter",
    "47":"right-cerebellum-cortex",
    "49":"right-thalamus-proper",
    "50":"right-caudate",
    "51":"right-putamen",
    "52":"right-pallidum",
    "53":"right-hippocampus",
    "54":"right-amygdala",
    "58":"right-accumbens-area",
    "60":"right-ventraldc",
    "62":"right-vessel",
    "63":"right-choroid-plexus",
    "77":"white-matter-hypointensities",
    "80":"non-white-matter-hypointensities",
    "85":"optic-chiasm",                    
    "251":"corpus-callosum-posterior",
    "252":"corpus-callosum-middle-posterior",
    "253":"corpus-callosum-central",
    "254":"corpus-callosum-middle-anterior",
    "255":"corpus-callosum-anterior"
}
